timestamp,energy
2025-05-23 12:52:14.004166,0.0013352094688138618
2025-05-23 12:52:14.008616,0.0002439506172839506
2025-05-23 12:52:14.012424,0.0002439506172839506
2025-05-23 12:52:14.020310,0.0002439506172839506
2025-05-23 12:52:14.024838,0.0002439506172839506
2025-05-23 12:52:14.031852,0.0002439506172839506
2025-05-23 12:52:14.038671,0.0008544216367006357
2025-05-23 12:52:14.045462,0.0005545281648119414
2025-05-23 12:52:14.050849,0.0006062456931469423
2025-05-23 12:52:14.058729,0.0013193583646429242
2025-05-23 12:52:14.062752,0.0002439506172839506
2025-05-23 12:52:14.070604,0.0007675286968737129
2025-05-23 12:52:14.070604,0.0002439506172839506
2025-05-23 12:52:14.082081,0.000645023427311523
2025-05-23 12:52:14.088512,0.0005237094736113036
2025-05-23 12:52:14.088512,0.0002439506172839506
2025-05-23 12:52:14.098971,0.00039635793341906325
2025-05-23 12:52:14.103281,0.0002439506172839506
2025-05-23 12:52:14.108932,0.00025588781103453315
2025-05-23 12:52:14.111841,0.00041238238749184046
2025-05-23 12:52:14.120414,0.0007204409016660154
2025-05-23 12:52:14.128698,0.0004455863261239083
2025-05-23 12:52:14.130753,0.0003587979593002633
2025-05-23 12:52:14.138625,0.0002439506172839506
2025-05-23 12:52:14.145512,0.00047148825894879583
2025-05-23 12:52:14.148904,0.00035353924699172546
2025-05-23 12:52:14.153151,0.0004239170892016466
2025-05-23 12:52:14.162402,0.000906856762108645
2025-05-23 12:52:14.169691,0.0002439506172839506
2025-05-23 12:52:14.169691,0.0003806506544697366
2025-05-23 12:52:14.181306,0.0002439506172839506
2025-05-23 12:52:14.188569,0.0002439506172839506
2025-05-23 12:52:14.188569,0.0007910697749650262
2025-05-23 12:52:14.198607,0.0002439506172839506
2025-05-23 12:52:14.207386,0.0002439506172839506
2025-05-23 12:52:14.211648,0.0002439506172839506
2025-05-23 12:52:14.218646,0.0002249459758881995
2025-05-23 12:52:14.220709,0.0002249459758881995
2025-05-23 12:52:14.229001,0.0006722626965368916
2025-05-23 12:52:14.238833,0.0005068640725429409
2025-05-23 12:52:14.244202,0.000329518164010999
2025-05-23 12:52:14.251651,0.0004835801045517421
2025-05-23 12:52:14.259727,0.0003509996611741161
2025-05-23 12:52:14.267777,0.0012046449861486607
2025-05-23 12:52:14.267777,0.0002439506172839506
2025-05-23 12:52:14.276337,0.0002439506172839506
2025-05-23 12:52:14.284448,0.0003041371677027397
2025-05-23 12:52:14.292883,0.0002789801315524766
2025-05-23 12:52:14.301121,0.000264450241279868
2025-05-23 12:52:14.307513,0.0008806791640818917
2025-05-23 12:52:14.312367,0.0003359129496194569
2025-05-23 12:52:14.317392,0.001159417963590814
2025-05-23 12:52:14.325522,0.0014391078896989877
2025-05-23 12:52:14.333613,0.0012799600290609868
2025-05-23 12:52:14.342045,0.0005874492194193636
2025-05-23 12:52:14.342045,0.0005874492194193636
2025-05-23 12:52:14.350280,0.0002439506172839506
2025-05-23 12:52:14.358358,0.001031376399860811
2025-05-23 12:52:14.366640,0.0008074640463425968
2025-05-23 12:52:14.374217,0.0002439506172839506
2025-05-23 12:52:14.377338,0.0002439506172839506
2025-05-23 12:52:14.385063,0.0002517895181465336
2025-05-23 12:52:14.390342,0.00042886670259237254
2025-05-23 12:52:14.398580,0.0009995663802688922
2025-05-23 12:52:14.398580,0.00037572060346108797
2025-05-23 12:52:14.406767,0.0012786816722192816
2025-05-23 12:52:14.415255,0.00046958589541147783
2025-05-23 12:52:14.422947,0.0015588511222820783
2025-05-23 12:52:14.433035,0.0002439506172839506
2025-05-23 12:52:14.439324,0.0002439506172839506
2025-05-23 12:52:14.446097,0.0006416138596680027
2025-05-23 12:52:14.454366,0.0002439506172839506
2025-05-23 12:52:14.456119,0.0007851163827412017
2025-05-23 12:52:14.466298,0.0002439506172839506
2025-05-23 12:52:14.473020,0.0012697029998833284
2025-05-23 12:52:14.473323,0.0002439506172839506
2025-05-23 12:52:14.484898,0.0002439506172839506
2025-05-23 12:52:14.489707,0.0004553473310659972
2025-05-23 12:52:14.499875,0.0009552716325073941
2025-05-23 12:52:14.506078,0.0009018528649525395
2025-05-23 12:52:14.506078,0.0010469809092491377
2025-05-23 12:52:14.518701,0.0002439506172839506
2025-05-23 12:52:14.522149,0.0002439506172839506
2025-05-23 12:52:14.532622,0.0002439506172839506
2025-05-23 12:52:14.538708,0.0002439506172839506
2025-05-23 12:52:14.538708,0.0002439506172839506
2025-05-23 12:52:14.547279,0.0002810621943767715
2025-05-23 12:52:14.555045,0.000994740027827829
2025-05-23 12:52:14.555045,0.0002439506172839506
2025-05-23 12:52:14.567446,0.0002439506172839506
2025-05-23 12:52:14.571467,0.0007592535196910852
2025-05-23 12:52:14.579521,0.0010376528409991508
2025-05-23 12:52:14.583011,0.0002439506172839506
2025-05-23 12:52:14.587707,0.0004113690276076284
2025-05-23 12:52:14.595791,0.0002439506172839506
2025-05-23 12:52:14.598214,0.0002439506172839506
2025-05-23 12:52:14.604528,0.0005159319107093151
2025-05-23 12:52:14.612821,0.0006601089749137815
2025-05-23 12:52:14.620937,0.0011091742519484403
2025-05-23 12:52:14.620937,0.0013886751351587917
2025-05-23 12:52:14.628737,0.001669325053071136
2025-05-23 12:52:14.637515,0.0002439506172839506
2025-05-23 12:52:14.637515,0.0009029555614404437
2025-05-23 12:52:14.648758,0.0002439506172839506
2025-05-23 12:52:14.653870,0.0009884911182437292
2025-05-23 12:52:14.662294,0.0002439506172839506
2025-05-23 12:52:14.670032,0.0003480641932509453
2025-05-23 12:52:14.678371,0.001055536239990321
2025-05-23 12:52:14.686385,0.0006666700626942197
2025-05-23 12:52:14.689503,0.00042573951670090934
2025-05-23 12:52:14.700715,0.0010527466152394443
2025-05-23 12:52:14.705941,0.0008228183729075285
2025-05-23 12:52:14.710897,0.0017090108482200827
2025-05-23 12:52:14.723903,0.0002439506172839506
2025-05-23 12:52:14.733091,0.0002439506172839506
2025-05-23 12:52:14.735634,0.00027721418348724885
2025-05-23 12:52:14.743144,0.0007066107720207045
2025-05-23 12:52:14.751874,0.0002439506172839506
2025-05-23 12:52:14.759783,0.000745387030277339
2025-05-23 12:52:14.759783,0.00041793651992671186
2025-05-23 12:52:14.768564,0.0006162110245841636
2025-05-23 12:52:14.776357,0.0002439506172839506
2025-05-23 12:52:14.785110,0.0002439506172839506
2025-05-23 12:52:14.785110,0.00043774043665845657
2025-05-23 12:52:14.794451,0.0002439506172839506
2025-05-23 12:52:14.801237,0.0003937611431306569
2025-05-23 12:52:14.809001,0.0002439506172839506
2025-05-23 12:52:14.809001,0.0002551091523924946
2025-05-23 12:52:14.817320,0.0002439506172839506
2025-05-23 12:52:14.825416,0.0003775289971912772
2025-05-23 12:52:14.834625,0.0002439506172839506
2025-05-23 12:52:14.834625,0.00018864378331279194
2025-05-23 12:52:14.841911,0.0004994066610364339
2025-05-23 12:52:14.850487,0.0002439506172839506
2025-05-23 12:52:14.858182,0.0008996239889054619
2025-05-23 12:52:14.870166,0.00045270723612942396
2025-05-23 12:52:14.874975,0.0002439506172839506
2025-05-23 12:52:14.874975,0.0004731970546294227
2025-05-23 12:52:15.509701,0.0013352094688138618
2025-05-23 12:52:15.517052,0.0013352094688138618
2025-05-23 12:52:15.517052,0.002188357762705739
2025-05-23 12:52:15.522844,0.0022468211189910123
2025-05-23 12:52:15.522844,0.004220337553169157
2025-05-23 12:52:15.531018,0.0002439506172839506
2025-05-23 12:52:15.534096,0.0023836077816431654
2025-05-23 12:52:15.539216,0.003326587154599459
2025-05-23 12:52:15.539216,0.0027689297517436698
2025-05-23 12:52:15.539216,0.003819602745696227
2025-05-23 12:52:15.547667,0.004119591233151298
2025-05-23 12:52:15.556076,0.002424425903512002
2025-05-23 12:52:15.558659,0.0034838865734088836
2025-05-23 12:52:15.563835,0.004730097600254715
2025-05-23 12:52:15.569851,0.00504109819850306
2025-05-23 12:52:15.571964,0.0002439506172839506
2025-05-23 12:52:15.575818,0.003003980254200983
2025-05-23 12:52:15.582120,0.0002439506172839506
2025-05-23 12:52:15.588064,0.0008755407570238502
2025-05-23 12:52:15.588064,0.0027450844185417833
2025-05-23 12:52:15.588064,0.0030345636064717423
2025-05-23 12:52:15.596497,0.003326587154599459
2025-05-23 12:52:15.605037,0.003621396422224934
2025-05-23 12:52:15.607486,0.001298028947739202
2025-05-23 12:52:15.612713,0.0002439506172839506
2025-05-23 12:52:15.616800,0.0002439506172839506
2025-05-23 12:52:15.620516,0.0012130649005814933
2025-05-23 12:52:15.620516,0.0005582536548338712
2025-05-23 12:52:15.628539,0.0002439506172839506
2025-05-23 12:52:15.631390,0.0002439506172839506
2025-05-23 12:52:15.636855,0.00044640118933530527
2025-05-23 12:52:15.636855,0.00027140683429591395
2025-05-23 12:52:15.646503,0.0006930382316294357
2025-05-23 12:52:15.653091,0.0002439506172839506
2025-05-23 12:52:15.653091,0.0002439506172839506
2025-05-23 12:52:15.653091,0.0002439506172839506
2025-05-23 12:52:15.661510,0.00025146624707712405
2025-05-23 12:52:15.669828,0.0004283271215953444
2025-05-23 12:52:15.669828,0.0002823442212379413
2025-05-23 12:52:15.669828,0.0002439506172839506
2025-05-23 12:52:15.677989,0.0006961652412648369
2025-05-23 12:52:15.686515,0.0010153873503881534
2025-05-23 12:52:15.686515,0.0006442650389154424
2025-05-23 12:52:15.694284,0.0006961516169060898
2025-05-23 12:52:15.694726,0.0002439506172839506
2025-05-23 12:52:15.702961,0.0004821333599704773
2025-05-23 12:52:15.702961,0.0007940596362747908
2025-05-23 12:52:15.711106,0.0002439506172839506
2025-05-23 12:52:15.718752,0.00047861345798759513
2025-05-23 12:52:15.718752,0.0002439506172839506
2025-05-23 12:52:15.718752,0.00024967237148101093
2025-05-23 12:52:15.727246,0.00024967237148101093
2025-05-23 12:52:15.735525,0.0002439506172839506
2025-05-23 12:52:15.735525,0.0002439506172839506
2025-05-23 12:52:15.744464,0.000269797751390727
2025-05-23 12:52:15.746502,0.0002439506172839506
2025-05-23 12:52:15.753593,0.0007116322621317523
2025-05-23 12:52:15.753593,0.0005882379175783447
2025-05-23 12:52:15.760347,0.0002439506172839506
2025-05-23 12:52:15.760347,0.0002439506172839506
2025-05-23 12:52:15.768784,0.0007084401603751018
2025-05-23 12:52:15.768784,0.0002439506172839506
2025-05-23 12:52:15.777706,0.0004441462373276329
2025-05-23 12:52:15.777706,0.0002439506172839506
2025-05-23 12:52:15.788369,0.00040509786673236675
2025-05-23 12:52:15.788369,0.0003188974876517435
2025-05-23 12:52:15.794043,0.0002439506172839506
2025-05-23 12:52:15.794043,0.0002439506172839506
2025-05-23 12:52:15.801771,0.0002439506172839506
2025-05-23 12:52:15.801771,0.0002439506172839506
2025-05-23 12:52:15.801771,0.0002439506172839506
2025-05-23 12:52:15.809921,0.0002439506172839506
2025-05-23 12:52:15.817982,0.0002439506172839506
2025-05-23 12:52:15.817982,0.0002439506172839506
2025-05-23 12:52:15.817982,0.0002439506172839506
2025-05-23 12:52:15.826477,0.00011546571407365054
2025-05-23 12:52:15.834205,0.0002181167101274134
2025-05-23 12:52:15.834703,0.00024369483581603309
2025-05-23 12:52:15.842313,0.00045962055504327246
2025-05-23 12:52:15.842313,0.00023320388837660586
2025-05-23 12:52:15.850911,0.0002439506172839506
2025-05-23 12:52:15.853915,0.0002101031632822765
2025-05-23 12:52:15.858720,0.00047342042167058685
2025-05-23 12:52:15.858720,0.0006668166964941805
2025-05-23 12:52:15.867419,0.0003220458631608471
2025-05-23 12:52:16.511287,0.0013352094688138618
2025-05-23 12:52:16.518899,0.0002439506172839506
2025-05-23 12:52:16.528068,0.0014029965818524275
2025-05-23 12:52:16.535903,0.0014573143205967435
2025-05-23 12:52:16.535903,0.0002439506172839506
2025-05-23 12:52:16.546776,0.0002439506172839506
2025-05-23 12:52:16.555399,0.0002439506172839506
2025-05-23 12:52:16.560129,0.00026724738694586426
2025-05-23 12:52:16.568224,0.0006492900190333397
2025-05-23 12:52:16.572929,0.0005336724038071216
2025-05-23 12:52:16.577565,0.00057562768367794
2025-05-23 12:52:16.584950,0.0002439506172839506
2025-05-23 12:52:16.593184,0.00042479246966489016
2025-05-23 12:52:16.595859,0.0002439506172839506
2025-05-23 12:52:16.606037,0.0002439506172839506
2025-05-23 12:52:16.609323,0.00033721205795679
2025-05-23 12:52:16.625513,0.0002062047500396036
2025-05-23 12:52:16.629543,0.0002439506172839506
2025-05-23 12:52:16.638342,0.0002439506172839506
2025-05-23 12:52:16.642644,0.00039886998318757676
2025-05-23 12:52:16.657565,0.00020720464973424948
2025-05-23 12:52:16.660938,0.0005428589689757874
2025-05-23 12:52:16.667380,0.0002688603021891269
2025-05-23 12:52:16.679794,0.0002688603021891269
2025-05-23 12:52:16.692664,0.0002439506172839506
2025-05-23 12:52:16.704755,0.0005912949696008164
2025-05-23 12:52:16.708884,0.0002439506172839506
2025-05-23 12:52:16.718284,0.000615523896023559
2025-05-23 12:52:16.725700,0.00033231098842148376
2025-05-23 12:52:16.725700,0.0002439506172839506
2025-05-23 12:52:16.735366,0.0005616044350504046
2025-05-23 12:52:16.744420,0.0007058676263825191
2025-05-23 12:52:16.751278,0.0011681533189888671
2025-05-23 12:52:16.758689,0.0002439506172839506
2025-05-23 12:52:16.758689,0.0002439506172839506
2025-05-23 12:52:16.767989,0.0008024798988973958
2025-05-23 12:52:16.775228,0.0002439506172839506
2025-05-23 12:52:16.784716,0.00021747717985908018
2025-05-23 12:52:16.792018,0.0006812661546568808
2025-05-23 12:52:16.792018,0.0007476707884951845
2025-05-23 12:52:16.801306,0.0002439506172839506
2025-05-23 12:52:16.808252,0.0003026058250656353
2025-05-23 12:52:16.817907,0.0003026058250656353
2025-05-23 12:52:16.817907,0.0005136437061455386
2025-05-23 12:52:16.824727,0.0003335935772391714
2025-05-23 12:52:16.833586,0.0002439506172839506
2025-05-23 12:52:16.833586,0.0006667219705153862
2025-05-23 12:52:16.841946,0.0002439506172839506
2025-05-23 12:52:16.851032,0.0002439506172839506
2025-05-23 12:52:16.851032,0.0009522651808208925
2025-05-23 12:52:16.858298,0.0008995067804645391
2025-05-23 12:52:16.871021,0.00042224424823794724
2025-05-23 12:52:16.877520,0.00042224424823794724
2025-05-23 12:52:16.883052,0.0002439506172839506
2025-05-23 12:52:16.890836,0.0009711412823894196
2025-05-23 12:52:16.890836,0.000914237386277241
2025-05-23 12:52:16.907767,0.0002439506172839506
2025-05-23 12:52:16.916862,0.00037783615896681334
2025-05-23 12:52:16.924444,0.0002439506172839506
2025-05-23 12:52:16.933713,0.00040939801611454817
2025-05-23 12:52:16.941318,0.0002439506172839506
2025-05-23 12:52:16.958010,0.0003393343562675875
2025-05-23 12:52:16.966754,0.0002439506172839506
2025-05-23 12:52:16.983226,0.0006822027431661566
2025-05-23 12:52:16.991037,0.0003896553210387109
2025-05-23 12:52:16.998732,0.0002439506172839506
2025-05-23 12:52:17.007568,0.0002439506172839506
2025-05-23 12:52:17.022337,0.0007025466031648109
2025-05-23 12:52:17.032398,0.0007240357230019636
2025-05-23 12:52:17.039991,0.0002439506172839506
2025-05-23 12:52:17.048467,0.0002439506172839506
2025-05-23 12:52:17.057107,0.0009706938733793823
2025-05-23 12:52:17.057107,0.0002439506172839506
2025-05-23 12:52:17.065363,0.00025338443944630714
2025-05-23 12:52:17.074006,0.00042089686003375003
2025-05-23 12:52:17.074006,0.00027788441102255334
2025-05-23 12:52:17.081923,0.0002439506172839506
2025-05-23 12:52:17.089859,0.0008483831793413926
2025-05-23 12:52:17.089859,0.0002439506172839506
2025-05-23 12:52:17.098487,0.0006720706107325566
2025-05-23 12:52:17.107082,0.0007566125493978627
2025-05-23 12:52:17.114978,0.0002439506172839506
2025-05-23 12:52:17.122852,0.0002439506172839506
2025-05-23 12:52:17.122852,0.00032312822394641924
2025-05-23 12:52:17.131470,0.0008000057107216216
2025-05-23 12:52:17.139122,0.0002439506172839506
2025-05-23 12:52:17.147719,0.00021706630048107624
2025-05-23 12:52:17.155415,0.0006817440165463643
2025-05-23 12:52:17.155415,0.0002439506172839506
2025-05-23 12:52:17.164149,0.000240726306385624
2025-05-23 12:52:17.173080,0.0002439506172839506
2025-05-23 12:52:17.173080,0.0004864039445854613
2025-05-23 12:52:17.181166,0.0006305291298550499
2025-05-23 12:52:17.191968,0.00030646432689474174
2025-05-23 12:52:17.200366,0.00030646432689474174
2025-05-23 12:52:17.205694,0.0007749357944012817
2025-05-23 12:52:17.205694,0.0002439506172839506
2025-05-23 12:52:17.215287,0.0005750453495080344
2025-05-23 12:52:17.222254,0.0002439506172839506
2025-05-23 12:52:17.222254,0.0002439506172839506
2025-05-23 12:52:17.231736,0.0007102598730245073
2025-05-23 12:52:17.238697,0.0009885351558663938
2025-05-23 12:52:17.238697,0.0006292853961206632
2025-05-23 12:52:17.247936,0.0002439506172839506
2025-05-23 12:52:17.255918,0.0002439506172839506
2025-05-23 12:52:17.264512,0.0005135727920470075
2025-05-23 12:52:17.272511,0.0003335509461674193
2025-05-23 12:52:17.280198,0.0002439506172839506
2025-05-23 12:52:17.289270,0.0002439506172839506
2025-05-23 12:52:17.297283,0.0006739977626909641
2025-05-23 12:52:17.305857,0.0007547881698131289
2025-05-23 12:52:17.313181,0.0002439506172839506
2025-05-23 12:52:17.321789,0.0005161855475800189
2025-05-23 12:52:17.327807,0.0002439506172839506
2025-05-23 12:52:17.338341,0.0002300702786718352
2025-05-23 12:52:17.344269,0.0006657380668009294
2025-05-23 12:52:17.355051,0.0005463186201549607
2025-05-23 12:52:17.355051,0.0002439506172839506
2025-05-23 12:52:17.371759,0.0002617267636260204
2025-05-23 12:52:17.379364,0.0002439506172839506
2025-05-23 12:52:17.387932,0.0003830436683059201
2025-05-23 12:52:17.387932,0.00041351001406218356
2025-05-23 12:52:17.395906,0.0002439506172839506
2025-05-23 12:52:17.404425,0.0002682970826070701
2025-05-23 12:52:17.404425,0.0002439506172839506
2025-05-23 12:52:17.412921,0.00048757438988039745
2025-05-23 12:52:17.420634,0.0002439506172839506
2025-05-23 12:52:17.420634,0.0007992477826089965
2025-05-23 12:52:17.420634,0.0007801491061491506
2025-05-23 12:52:17.428711,0.0002439506172839506
2025-05-23 12:52:17.437301,0.0004221373702898905
2025-05-23 12:52:17.437301,0.00047365398288425525
2025-05-23 12:52:17.445304,0.0002439506172839506
2025-05-23 12:52:17.445857,0.0003714012877475121
2025-05-23 12:52:17.454133,0.0004228563842533632
2025-05-23 12:52:17.454133,0.00047437393055018557
2025-05-23 12:52:17.462432,0.0002439506172839506
2025-05-23 12:52:17.465164,0.00024840412420834226
2025-05-23 12:52:17.470198,0.0002439506172839506
2025-05-23 12:52:17.470198,0.000711418589387655
2025-05-23 12:52:17.478588,0.0005885558956159151
2025-05-23 12:52:17.482044,0.0002439506172839506
2025-05-23 12:52:17.487368,0.0009203042603013797
2025-05-23 12:52:17.487368,0.0003491706590502182
2025-05-23 12:52:17.495209,0.0008745684445578488
2025-05-23 12:52:17.495209,0.0010196127301874483
2025-05-23 12:52:17.504001,0.0015725509849248765
2025-05-23 12:52:17.504001,0.0018540853318964228
2025-05-23 12:52:17.504001,0.0002439506172839506
2025-05-23 12:52:17.511796,0.0002439506172839506
2025-05-23 12:52:17.511796,0.0005169936420090908
2025-05-23 12:52:17.520691,0.0004690263323405328
2025-05-23 12:52:17.520691,0.0002439506172839506
2025-05-23 12:52:17.520691,0.0004082905026477331
2025-05-23 12:52:17.528858,0.0002439506172839506
2025-05-23 12:52:17.528858,0.00048593432282127144
2025-05-23 12:52:17.537224,0.0002540417628945538
2025-05-23 12:52:17.537224,0.0002439506172839506
2025-05-23 12:52:17.548742,0.0002439506172839506
2025-05-23 12:52:17.554358,0.0002439506172839506
2025-05-23 12:52:17.554358,0.0002439506172839506
2025-05-23 12:52:17.562061,0.0002439506172839506
2025-05-23 12:52:17.565517,0.0002439506172839506
2025-05-23 12:52:17.570931,0.0002439506172839506
2025-05-23 12:52:17.570931,0.0002439506172839506
2025-05-23 12:52:17.578190,0.0002439506172839506
2025-05-23 12:52:17.587705,0.0002439506172839506
2025-05-23 12:52:17.594476,0.00011546571407365054
2025-05-23 12:52:17.602684,0.0004340263227020096
2025-05-23 12:52:17.603117,0.0003207172315781293
2025-05-23 12:52:17.611362,0.00037211950328758236
2025-05-23 12:52:17.618807,0.0002439506172839506
2025-05-23 12:52:17.627420,0.0004956195032875823
2025-05-23 12:52:17.636043,0.0002439506172839506
2025-05-23 12:52:17.638063,0.00018702632270200964
2025-05-23 12:52:17.643122,0.00018702632270200964
2025-05-23 12:52:17.652210,0.0003207172315781293
2025-05-23 12:52:17.659552,0.0006808887707371787
2025-05-23 12:52:18.295218,0.0013352094688138618
2025-05-23 12:52:18.302720,0.004019225951388746
2025-05-23 12:52:18.311197,0.0023648462501608103
2025-05-23 12:52:18.311197,0.004423009064904127
2025-05-23 12:52:18.319194,0.0002439506172839506
2025-05-23 12:52:18.323798,0.0002439506172839506
2025-05-23 12:52:18.327902,0.0002439506172839506
2025-05-23 12:52:18.332035,0.0002439506172839506
2025-05-23 12:52:18.335936,0.0002439506172839506
2025-05-23 12:52:18.340337,0.0011018393990168507
2025-05-23 12:52:18.344800,0.0002439506172839506
2025-05-23 12:52:18.348613,0.0002439506172839506
2025-05-23 12:52:18.355904,0.0002784997274878794
2025-05-23 12:52:18.355904,0.0002378394578862069
2025-05-23 12:52:18.363439,0.0002641877565341975
2025-05-23 12:52:18.369023,0.0002439506172839506
2025-05-23 12:52:18.369023,0.0002929195107125335
2025-05-23 12:52:18.376350,0.0002439506172839506
2025-05-23 12:52:18.377357,0.000476045267975042
2025-05-23 12:52:18.385794,0.00026083394526073034
2025-05-23 12:52:18.385794,0.000884571402838119
2025-05-23 12:52:18.385794,0.0002439506172839506
2025-05-23 12:52:18.394083,0.00023110949304584153
2025-05-23 12:52:18.402423,0.0002439506172839506
2025-05-23 12:52:18.402423,0.0002439506172839506
2025-05-23 12:52:18.409299,0.00020977203272323457
2025-05-23 12:52:18.413817,0.000658847930213528
2025-05-23 12:52:18.415366,0.0002439506172839506
2025-05-23 12:52:18.425158,0.0002439506172839506
2025-05-23 12:52:18.427620,0.00033962566888664516
2025-05-23 12:52:18.431975,0.00030487532888561663
2025-05-23 12:52:18.435962,0.0002439506172839506
2025-05-23 12:52:18.435962,0.00047708955945570576
2025-05-23 12:52:18.444018,0.0004082731713360704
2025-05-23 12:52:18.444018,0.00036297856150616645
2025-05-23 12:52:18.454735,0.0002439506172839506
2025-05-23 12:52:18.454735,0.0002113314992921955
2025-05-23 12:52:18.460364,0.0007849484779085443
2025-05-23 12:52:18.460364,0.00030392212822290667
2025-05-23 12:52:18.460364,0.0002439506172839506
2025-05-23 12:52:18.468758,0.0006846129179801328
2025-05-23 12:52:18.468758,0.0002439506172839506
2025-05-23 12:52:18.477144,0.0002610259262190612
2025-05-23 12:52:18.477144,0.0002443594547735186
2025-05-23 12:52:18.477144,0.0002549207720147552
2025-05-23 12:52:18.485565,0.0002439506172839506
2025-05-23 12:52:18.485565,0.0005651700348573543
2025-05-23 12:52:18.493715,0.00047331367363284915
2025-05-23 12:52:18.493715,0.0005249010506494774
2025-05-23 12:52:18.502488,0.00034036185091153136
2025-05-23 12:52:18.502488,0.00034036185091153136
2025-05-23 12:52:18.510341,0.0002439506172839506
2025-05-23 12:52:18.510341,0.0006623175636858895
2025-05-23 12:52:18.518444,0.0003024198724460487
2025-05-23 12:52:18.518444,0.0002439506172839506
2025-05-23 12:52:18.518444,0.0004169179740843904
2025-05-23 12:52:18.526661,0.0003793688512374773
2025-05-23 12:52:18.526661,0.0005627715472955888
2025-05-23 12:52:18.534838,0.0002439506172839506
2025-05-23 12:52:18.534838,0.0009304874126866508
2025-05-23 12:52:18.544405,0.0004264168277377997
2025-05-23 12:52:18.551490,0.00039999663819451753
2025-05-23 12:52:18.556810,0.000367532230512682
2025-05-23 12:52:18.559979,0.0002439506172839506
2025-05-23 12:52:18.568145,0.0008507293531127226
2025-05-23 12:52:18.570987,0.0002439506172839506
2025-05-23 12:52:18.576512,0.00040119448459484283
2025-05-23 12:52:18.584552,0.0002866001705092986
2025-05-23 12:52:18.584552,0.0003588570625529353
2025-05-23 12:52:18.592682,0.0005068117644671695
2025-05-23 12:52:18.600792,0.0002439506172839506
2025-05-23 12:52:18.600792,0.0002782373446207945
2025-05-23 12:52:18.614995,0.0006147873373391323
2025-05-23 12:52:18.619023,0.0002439506172839506
2025-05-23 12:52:18.625801,0.000686965798904146
2025-05-23 12:52:18.632695,0.0005641055391569201
2025-05-23 12:52:18.640891,0.0002439506172839506
2025-05-23 12:52:18.649072,0.0007374557661217623
2025-05-23 12:52:18.649072,0.0012088687116176909
2025-05-23 12:52:18.657563,0.0002439506172839506
2025-05-23 12:52:18.666559,0.00086932236964306
2025-05-23 12:52:18.674240,0.0002439506172839506
2025-05-23 12:52:18.674240,0.0004855988558540689
2025-05-23 12:52:18.685041,0.0002439506172839506
2025-05-23 12:52:18.690748,0.0007586784754210623
2025-05-23 12:52:18.698374,0.0002439506172839506
2025-05-23 12:52:18.700395,0.0004659981266897685
2025-05-23 12:52:18.706635,0.0003049635441496698
2025-05-23 12:52:18.714761,0.0005175748536131654
2025-05-23 12:52:18.714761,0.0002439506172839506
2025-05-23 12:52:18.723398,0.0002439506172839506
2025-05-23 12:52:18.731354,0.00022414179350261742
2025-05-23 12:52:18.739533,0.0004571017507655158
2025-05-23 12:52:18.739533,0.00026722690767080936
2025-05-23 12:52:18.747666,0.00045463004648431865
2025-05-23 12:52:18.747666,0.0010460391005860691
2025-05-23 12:52:18.756177,0.0002439506172839506
2025-05-23 12:52:18.756177,0.0002439506172839506
2025-05-23 12:52:18.764625,0.0002439506172839506
2025-05-23 12:52:18.773007,0.0007187252655432139
2025-05-23 12:52:18.773007,0.0009970214479069492
2025-05-23 12:52:18.773007,0.0009344363461457293
2025-05-23 12:52:18.781112,0.0004373337029413513
2025-05-23 12:52:18.789227,0.0002439506172839506
2025-05-23 12:52:18.789227,0.0002439506172839506
2025-05-23 12:52:18.789227,0.00045029698494558607
2025-05-23 12:52:18.797634,0.0005576413410938393
2025-05-23 12:52:18.797634,0.0003339673236340512
2025-05-23 12:52:18.807531,0.0002439506172839506
2025-05-23 12:52:18.807531,0.0002439506172839506
2025-05-23 12:52:18.814125,0.0007756741801146718
2025-05-23 12:52:18.817076,0.0002439506172839506
2025-05-23 12:52:18.822141,0.0002556800921440032
2025-05-23 12:52:18.822141,0.0002439506172839506
2025-05-23 12:52:18.830502,0.0006822763496787679
2025-05-23 12:52:18.834219,0.00029435164216606255
2025-05-23 12:52:18.838936,0.0007466496158756332
2025-05-23 12:52:18.847196,0.0012207191885844101
2025-05-23 12:52:18.849207,0.0015006501871739969
2025-05-23 12:52:18.856099,0.0002439506172839506
2025-05-23 12:52:18.856099,0.0002439506172839506
2025-05-23 12:52:18.863644,0.0009558135886827122
2025-05-23 12:52:18.872028,0.0002439506172839506
2025-05-23 12:52:18.872028,0.0002439506172839506
2025-05-23 12:52:18.880477,0.0009356812641444713
2025-05-23 12:52:18.888670,0.0010809166120170249
2025-05-23 12:52:18.893684,0.0012266558658491147
2025-05-23 12:52:18.897137,0.0002439506172839506
2025-05-23 12:52:18.901851,0.0007884321863860604
2025-05-23 12:52:18.906018,0.0002439506172839506
2025-05-23 12:52:18.913736,0.0002439506172839506
2025-05-23 12:52:18.917950,0.0009910953847798083
2025-05-23 12:52:18.924963,0.00037288110325568664
2025-05-23 12:52:18.927168,0.0002439506172839506
2025-05-23 12:52:18.929858,0.0002439506172839506
2025-05-23 12:52:18.938470,0.0002439506172839506
2025-05-23 12:52:18.941285,0.0007842922051142936
2025-05-23 12:52:18.946475,0.0002439506172839506
2025-05-23 12:52:18.948846,0.0002439506172839506
2025-05-23 12:52:18.955874,0.001082981119010088
2025-05-23 12:52:18.955874,0.0002439506172839506
2025-05-23 12:52:18.964421,0.0004919816462434315
2025-05-23 12:52:19.571059,0.0013352094688138618
2025-05-23 12:52:19.571059,0.004019225951388746
2025-05-23 12:52:19.581203,0.004321473850675656
2025-05-23 12:52:19.583973,0.0002439506172839506
2025-05-23 12:52:19.587309,0.002460071005352653
2025-05-23 12:52:19.587309,0.0002439506172839506
2025-05-23 12:52:19.595416,0.0002439506172839506
2025-05-23 12:52:19.597423,0.0002439506172839506
2025-05-23 12:52:19.601543,0.0002439506172839506
2025-05-23 12:52:19.607255,0.0002439506172839506
2025-05-23 12:52:19.611604,0.0004255878549270621
2025-05-23 12:52:19.613609,0.0002439506172839506
2025-05-23 12:52:19.619994,0.00034741679160236403
2025-05-23 12:52:19.622507,0.0002439506172839506
2025-05-23 12:52:19.628130,0.000782155434122646
2025-05-23 12:52:19.629753,0.0003261897109118957
2025-05-23 12:52:19.637587,0.0002439506172839506
2025-05-23 12:52:19.637587,0.0003755179273673148
2025-05-23 12:52:19.637587,0.0007458805368109684
2025-05-23 12:52:19.646781,0.00041737728589335643
2025-05-23 12:52:19.652861,0.0002439506172839506
2025-05-23 12:52:19.652861,0.0006302026374744783
2025-05-23 12:52:19.652861,0.0005198434151037139
2025-05-23 12:52:19.662753,0.0003373208536658093
2025-05-23 12:52:19.662753,0.0002439506172839506
2025-05-23 12:52:19.669186,0.0002439506172839506
2025-05-23 12:52:19.669186,0.00041329277833948753
2025-05-23 12:52:19.677862,0.00028284339516713433
2025-05-23 12:52:19.685923,0.0010000931576095485
2025-05-23 12:52:19.688148,0.0002439506172839506
2025-05-23 12:52:19.694648,0.0007158492219611697
2025-05-23 12:52:19.696396,0.0002439506172839506
2025-05-23 12:52:19.702586,0.00039774334291421725
2025-05-23 12:52:19.702586,0.0004886833659795792
2025-05-23 12:52:19.710761,0.0005087189066212859
2025-05-23 12:52:19.713500,0.0003455256681817337
2025-05-23 12:52:19.718959,0.001188238717544859
2025-05-23 12:52:19.718959,0.00043910147001115815
2025-05-23 12:52:19.718959,0.0002439506172839506
2025-05-23 12:52:19.728519,0.0003434796020509397
2025-05-23 12:52:19.733228,0.0003434796020509397
2025-05-23 12:52:19.735372,0.0008613007930016803
2025-05-23 12:52:19.735372,0.0004057550438237802
2025-05-23 12:52:19.745002,0.0004057550438237802
2025-05-23 12:52:19.747999,0.0002439506172839506
2025-05-23 12:52:19.751508,0.00034052866940253155
2025-05-23 12:52:19.751508,0.001061238112945189
2025-05-23 12:52:19.760180,0.0002439506172839506
2025-05-23 12:52:19.760180,0.0002439506172839506
2025-05-23 12:52:19.767921,0.0002439506172839506
2025-05-23 12:52:19.767921,0.0002515749096888888
2025-05-23 12:52:19.776750,0.0002515749096888888
2025-05-23 12:52:19.776750,0.0002439506172839506
2025-05-23 12:52:19.783989,0.0002439506172839506
2025-05-23 12:52:19.783989,0.0002439506172839506
2025-05-23 12:52:19.793410,0.0002439506172839506
2025-05-23 12:52:19.800654,0.00013727435518801932
2025-05-23 12:52:19.800654,0.00023758719020285774
2025-05-23 12:52:19.808863,0.0002889215776798803
2025-05-23 12:52:19.808863,0.00019874624003419876
2025-05-23 12:52:19.816731,0.0007470461483828393
2025-05-23 12:52:19.820751,0.00029127013544579477
2025-05-23 12:52:19.825185,0.0002439506172839506
2025-05-23 12:52:19.825185,0.00047539287361810206
2025-05-23 12:52:19.833456,0.0006231753177033625
2025-05-23 12:52:19.833456,0.0002439506172839506
2025-05-23 12:52:19.841494,0.0009980380005313206
2025-05-23 12:52:19.841494,0.0002439506172839506
2025-05-23 12:52:19.849862,0.000994029418225644
2025-05-23 12:52:19.849862,0.0006323500680180241
2025-05-23 12:52:19.858272,0.0004050451095499299
2025-05-23 12:52:19.866456,0.0002439506172839506
2025-05-23 12:52:19.866456,0.00041313661003112743
2025-05-23 12:52:19.877577,0.001246815993659535
2025-05-23 12:52:19.883253,0.0015268530895012709
2025-05-23 12:52:19.883253,0.0005536243706502003
2025-05-23 12:52:19.893696,0.0002439506172839506
2025-05-23 12:52:19.899860,0.0002439506172839506
2025-05-23 12:52:19.907383,0.0013567728440384383
2025-05-23 12:52:19.907383,0.001637279646382707
2025-05-23 12:52:19.917535,0.0002439506172839506
2025-05-23 12:52:19.923934,0.0003871653567264262
2025-05-23 12:52:19.923934,0.0009630635235228322
2025-05-23 12:52:19.931987,0.0002439506172839506
2025-05-23 12:52:19.931987,0.0002439506172839506
2025-05-23 12:52:19.940573,0.00023682617166989232
2025-05-23 12:52:19.940573,0.0002439506172839506
2025-05-23 12:52:19.948462,0.0005003548792220379
2025-05-23 12:52:19.953959,0.0006441374256187597
2025-05-23 12:52:19.956492,0.00031361147773601453
2025-05-23 12:52:19.956492,0.0002439506172839506
2025-05-23 12:52:19.964294,0.0005667973535065892
2025-05-23 12:52:19.972888,0.00027912272543442057
2025-05-23 12:52:19.972888,0.00047447772051517064
2025-05-23 12:52:19.983416,0.0010818362574520205
2025-05-23 12:52:19.989074,0.0002439506172839506
2025-05-23 12:52:19.989074,0.00039944873486737843
2025-05-23 12:52:19.997564,0.0007297736049749074
2025-05-23 12:52:19.997564,0.0011989667690440761
2025-05-23 12:52:20.005770,0.001092154160005157
2025-05-23 12:52:20.005770,0.00166604026269767
2025-05-23 12:52:20.014266,0.0002439506172839506
2025-05-23 12:52:20.022418,0.0002439506172839506
2025-05-23 12:52:20.022418,0.0002439506172839506
2025-05-23 12:52:20.030473,0.0009584047541217496
2025-05-23 12:52:20.032505,0.0002439506172839506
2025-05-23 12:52:20.038919,0.0002439506172839506
2025-05-23 12:52:20.038919,0.0006944162964964733
2025-05-23 12:52:20.038919,0.00028878835829774824
2025-05-23 12:52:20.047418,0.00028878835829774824
2025-05-23 12:52:20.047418,0.00035466029714039597
2025-05-23 12:52:20.055552,0.0005494152504441013
2025-05-23 12:52:20.055552,0.0008438772338278567
2025-05-23 12:52:20.055552,0.0002439506172839506
2025-05-23 12:52:20.063599,0.0002439506172839506
2025-05-23 12:52:20.063599,0.0002439506172839506
2025-05-23 12:52:20.071638,0.0012787173064693032
2025-05-23 12:52:20.071638,0.0002439506172839506
2025-05-23 12:52:20.079806,0.0013205228635415494
2025-05-23 12:52:20.079806,0.001600870773538462
2025-05-23 12:52:20.088316,0.0002439506172839506
2025-05-23 12:52:20.088316,0.0002439506172839506
2025-05-23 12:52:20.096534,0.00042363560710694057
2025-05-23 12:52:20.102548,0.0002439506172839506
2025-05-23 12:52:20.104556,0.00036688621343642475
2025-05-23 12:52:20.112667,0.0002439506172839506
2025-05-23 12:52:20.115784,0.0008887837618901594
2025-05-23 12:52:20.115784,0.0003386237810706782
2025-05-23 12:52:20.121115,0.0005736732389150685
2025-05-23 12:52:20.756126,0.0013352094688138618
2025-05-23 12:52:20.760695,0.0002439506172839506
2025-05-23 12:52:20.768254,0.0002439506172839506
2025-05-23 12:52:20.776466,0.0002439506172839506
2025-05-23 12:52:20.784735,0.0003773892042218325
2025-05-23 12:52:20.784735,0.0012836755753490789
2025-05-23 12:52:20.792755,0.0004712712067276458
2025-05-23 12:52:20.800801,0.0011583685936593876
2025-05-23 12:52:20.810982,0.0002439506172839506
2025-05-23 12:52:20.823537,0.0002439506172839506
2025-05-23 12:52:20.827304,0.0006969834413100009
2025-05-23 12:52:20.835445,0.0014827438501439217
2025-05-23 12:52:20.845716,0.0002439506172839506
2025-05-23 12:52:20.849944,0.0002439506172839506
2025-05-23 12:52:20.859006,0.00041376533550462795
2025-05-23 12:52:20.866813,0.0002439506172839506
2025-05-23 12:52:20.876069,0.0007596938841349229
2025-05-23 12:52:20.876069,0.0012375327528425012
2025-05-23 12:52:20.887015,0.0007683572678356486
2025-05-23 12:52:20.897823,0.0002439506172839506
2025-05-23 12:52:20.901326,0.0005695936595134891
2025-05-23 12:52:20.907928,0.0006213377256399699
2025-05-23 12:52:20.915473,0.0002439506172839506
2025-05-23 12:52:20.918446,0.0005481315160151324
2025-05-23 12:52:20.923498,0.0005998380025996028
2025-05-23 12:52:20.923498,0.0009590871570056424
2025-05-23 12:52:20.933586,0.0002439506172839506
2025-05-23 12:52:20.939635,0.0002439506172839506
2025-05-23 12:52:20.949702,0.0002439506172839506
2025-05-23 12:52:20.957824,0.00048135593391353157
2025-05-23 12:52:20.973755,0.0002439506172839506
2025-05-23 12:52:20.988006,0.00021475068958367775
2025-05-23 12:52:21.001142,0.00029332810451788066
2025-05-23 12:52:21.011030,0.0002316777398617329
2025-05-23 12:52:21.025448,0.0002316777398617329
2025-05-23 12:52:21.041510,0.0003952920644274838
2025-05-23 12:52:21.053476,0.00026251973334279785
2025-05-23 12:52:21.063479,0.00026251973334279785
2025-05-23 12:52:21.073038,0.000938994437920914
2025-05-23 12:52:21.080547,0.0002439506172839506
2025-05-23 12:52:21.090134,0.0004359086362358904
2025-05-23 12:52:21.092149,0.0002439506172839506
2025-05-23 12:52:21.097025,0.00023108706743750487
2025-05-23 12:52:21.104578,0.00023108706743750487
2025-05-23 12:52:21.112638,0.00023108706743750487
2025-05-23 12:52:21.126569,0.0005987487589126985
2025-05-23 12:52:21.138879,0.0007430872551290148
2025-05-23 12:52:21.152959,0.00121612745400796
2025-05-23 12:52:21.161393,0.001496039998903981
2025-05-23 12:52:21.169039,0.0002439506172839506
2025-05-23 12:52:21.176685,0.0003636728267159757
2025-05-23 12:52:21.185174,0.0003636728267159757
2025-05-23 12:52:21.193376,0.0003636728267159757
2025-05-23 12:52:21.201508,0.0002439506172839506
2025-05-23 12:52:21.201508,0.00046559275808354995
2025-05-23 12:52:21.211282,0.0003547572029984925
2025-05-23 12:52:21.217740,0.001215904329947741
2025-05-23 12:52:21.217740,0.0002439506172839506
2025-05-23 12:52:21.226914,0.0002861207561052297
2025-05-23 12:52:21.234654,0.0002439506172839506
2025-05-23 12:52:21.234654,0.00047809180001723257
2025-05-23 12:52:21.242819,0.0002439506172839506
2025-05-23 12:52:21.248644,0.0002439506172839506
2025-05-23 12:52:21.255385,0.0002870421925633207
2025-05-23 12:52:21.259136,0.0002439506172839506
2025-05-23 12:52:21.263146,0.0005510107097778428
2025-05-23 12:52:21.267558,0.0002439506172839506
2025-05-23 12:52:21.275601,0.0007473705067165571
2025-05-23 12:52:21.281964,0.0010257390592215733
2025-05-23 12:52:21.284574,0.0002439506172839506
2025-05-23 12:52:21.292533,0.0003163822409977063
2025-05-23 12:52:21.302396,0.0005366106975863924
2025-05-23 12:52:21.308763,0.0011938678322091605
2025-05-23 12:52:21.308763,0.0010881695856998176
2025-05-23 12:52:21.317496,0.0002439506172839506
2025-05-23 12:52:21.324974,0.0002439506172839506
2025-05-23 12:52:21.341540,0.00040519828983743764
2025-05-23 12:52:21.341540,0.0010050107484665361
2025-05-23 12:52:21.357949,0.0007885256234442492
2025-05-23 12:52:21.367527,0.0002439506172839506
2025-05-23 12:52:21.374550,0.00031117145657264065
2025-05-23 12:52:21.383217,0.0002439506172839506
2025-05-23 12:52:21.390520,0.0002181705789169751
2025-05-23 12:52:21.390993,0.0002181705789169751
2025-05-23 12:52:21.402656,0.0002439506172839506
2025-05-23 12:52:21.406669,0.0002439506172839506
2025-05-23 12:52:21.409746,0.0002439506172839506
2025-05-23 12:52:21.415374,0.0002439506172839506
2025-05-23 12:52:21.422902,0.00013135603398235172
2025-05-23 12:52:21.422902,0.0007414657810523169
2025-05-23 12:52:21.430930,0.0004191719918320541
2025-05-23 12:52:21.439153,0.000280946496725506
2025-05-23 12:52:21.439153,0.0002439506172839506
2025-05-23 12:52:21.439153,0.0006141313076225705
2025-05-23 12:52:21.454073,0.0008031156297974215
2025-05-23 12:52:21.457817,0.001293502078790913
2025-05-23 12:52:21.459822,0.0002439506172839506
2025-05-23 12:52:21.465695,0.001421245362486921
2025-05-23 12:52:21.472264,0.0002439506172839506
2025-05-23 12:52:21.472264,0.0002439506172839506
2025-05-23 12:52:21.472264,0.0008654265975354404
2025-05-23 12:52:21.481403,0.0002439506172839506
2025-05-23 12:52:21.481403,0.0004920514674974893
2025-05-23 12:52:21.489062,0.0003206157585178685
2025-05-23 12:52:21.489062,0.0002439506172839506
2025-05-23 12:52:21.497369,0.00031552050535439734
2025-05-23 12:52:21.497369,0.0005155593467342117
2025-05-23 12:52:21.505634,0.00034398656071386874
2025-05-23 12:52:21.505634,0.000582606282141827
2025-05-23 12:52:21.505634,0.0006343738702647426
2025-05-23 12:52:21.514640,0.0002439506172839506
2025-05-23 12:52:21.522181,0.0002439506172839506
2025-05-23 12:52:21.522181,0.0007314741085646778
2025-05-23 12:52:21.531160,0.0002439506172839506
2025-05-23 12:52:21.531160,0.00026822535765302924
2025-05-23 12:52:21.538597,0.00039208930966798855
2025-05-23 12:52:21.538597,0.000491472682418626
2025-05-23 12:52:21.547097,0.0002439506172839506
2025-05-23 12:52:21.547097,0.0002439506172839506
2025-05-23 12:52:21.555053,0.0008117902643910358
2025-05-23 12:52:21.555053,0.0002439506172839506
2025-05-23 12:52:21.565619,0.0002498442112449387
2025-05-23 12:52:21.571997,0.0002439506172839506
2025-05-23 12:52:21.571997,0.0002439506172839506
2025-05-23 12:52:21.579444,0.0002439506172839506
2025-05-23 12:52:21.579444,0.00018717896267777588
2025-05-23 12:52:21.588443,0.0002439506172839506
2025-05-23 12:52:21.588443,0.0007116782311626923
2025-05-23 12:52:21.596055,0.0007120234867490716
2025-05-23 12:52:21.602375,0.0004546420145546771
2025-05-23 12:52:21.604112,0.0006042546351860968
2025-05-23 12:52:21.607384,0.0003881168655416577
2025-05-23 12:52:21.613118,0.0006560625856134532
2025-05-23 12:52:21.620398,0.0002439506172839506
2025-05-23 12:52:21.622201,0.0002439506172839506
2025-05-23 12:52:21.624383,0.0002293567277580126
2025-05-23 12:52:21.628525,0.0002439506172839506
2025-05-23 12:52:21.628525,0.0001774195092543326
2025-05-23 12:52:21.638705,0.0002439506172839506
2025-05-23 12:52:21.638705,0.0006046558881889571
2025-05-23 12:52:21.645239,0.0006284929598527666
2025-05-23 12:52:21.653313,0.0002439506172839506
2025-05-23 12:52:21.653313,0.0002439506172839506
2025-05-23 12:52:21.661639,0.0005648442931713818
2025-05-23 12:52:21.661951,0.0002439506172839506
2025-05-23 12:52:21.669654,0.0002439506172839506
2025-05-23 12:52:21.669654,0.0002439506172839506
2025-05-23 12:52:21.678431,0.0002439506172839506
2025-05-23 12:52:21.685772,0.0002439506172839506
2025-05-23 12:52:21.688884,0.0002439506172839506
2025-05-23 12:52:21.692524,0.0002439506172839506
2025-05-23 12:52:21.696848,0.0002439506172839506
2025-05-23 12:52:21.702423,0.0002439506172839506
2025-05-23 12:52:21.704970,0.0002439506172839506
2025-05-23 12:52:21.711112,0.0002439506172839506
2025-05-23 12:52:21.718325,0.0002439506172839506
2025-05-23 12:52:21.721954,0.0002439506172839506
2025-05-23 12:52:21.726595,0.0002439506172839506
2025-05-23 12:52:21.734819,0.0002439506172839506
2025-05-23 12:52:21.740057,0.0002439506172839506
2025-05-23 12:52:21.743576,0.0002439506172839506
2025-05-23 12:52:21.751819,0.0002439506172839506
2025-05-23 12:52:21.752150,0.0002439506172839506
2025-05-23 12:52:21.759910,0.0002439506172839506
2025-05-23 12:52:21.763282,0.0002439506172839506
2025-05-23 12:52:21.768760,0.0002439506172839506
2025-05-23 12:52:21.768760,0.0002439506172839506
2025-05-23 12:52:21.776291,0.0002079095031831036
2025-05-23 12:52:21.785548,0.00021803783742588994
2025-05-23 12:52:21.788518,0.00042363389824479595
2025-05-23 12:52:21.793575,0.000804427225473155
2025-05-23 12:52:21.793575,0.0002439506172839506
2025-05-23 12:52:21.801334,0.000804427225473155
2025-05-23 12:52:21.805778,0.0002439506172839506
2025-05-23 12:52:21.808712,0.0006397605588064883
2025-05-23 12:52:21.811629,0.0002439506172839506
2025-05-23 12:52:22.439240,0.0013352094688138618
2025-05-23 12:52:22.439240,0.002188357762705739
2025-05-23 12:52:22.448891,0.0002439506172839506
2025-05-23 12:52:22.455374,0.0002439506172839506
2025-05-23 12:52:22.455914,0.0012792703557801492
2025-05-23 12:52:22.455914,0.0002439506172839506
2025-05-23 12:52:22.467424,0.0002439506172839506
2025-05-23 12:52:22.472004,0.0012880403064401088
2025-05-23 12:52:22.472004,0.0002439506172839506
2025-05-23 12:52:22.479776,0.0004065079679631003
2025-05-23 12:52:22.487792,0.0002439506172839506
2025-05-23 12:52:22.495890,0.0002455475749533966
2025-05-23 12:52:22.499017,0.0002531829304238947
2025-05-23 12:52:22.506079,0.00025091396303297147
2025-05-23 12:52:22.508332,0.0002439506172839506
2025-05-23 12:52:22.512505,0.0002439506172839506
2025-05-23 12:52:22.512505,0.0006185430855060572
2025-05-23 12:52:22.520190,0.00042386343115894255
2025-05-23 12:52:22.524272,0.0002439506172839506
2025-05-23 12:52:22.530767,0.0004492460930465753
2025-05-23 12:52:22.536859,0.0002949031269435084
2025-05-23 12:52:22.536859,0.0003426633209413411
2025-05-23 12:52:22.548611,0.0005137390360477226
2025-05-23 12:52:22.551794,0.0003336508863295226
2025-05-23 12:52:22.556944,0.0005653884690880502
2025-05-23 12:52:22.561961,0.0003941039322517336
2025-05-23 12:52:22.566460,0.0012574205226830277
2025-05-23 12:52:22.572092,0.0015375013224883844
2025-05-23 12:52:22.578492,0.0018188592839538955
2025-05-23 12:52:22.580616,0.0015775909074385568
2025-05-23 12:52:22.586387,0.0002439506172839506
2025-05-23 12:52:22.590211,0.0002439506172839506
2025-05-23 12:52:22.594966,0.0003482239877843724
2025-05-23 12:52:22.594966,0.0002439506172839506
2025-05-23 12:52:22.602820,0.0006837285883979676
2025-05-23 12:52:22.606800,0.0002439506172839506
2025-05-23 12:52:22.611527,0.0002439506172839506
2025-05-23 12:52:22.614027,0.0006325936926837559
2025-05-23 12:52:22.619427,0.0002439506172839506
2025-05-23 12:52:22.623478,0.0002497941813027595
2025-05-23 12:52:22.627789,0.0006425077617943773
2025-05-23 12:52:22.635305,0.0002439506172839506
2025-05-23 12:52:22.638357,0.0002439506172839506
2025-05-23 12:52:22.638357,0.00027978629286260187
2025-05-23 12:52:22.643789,0.00027978629286260187
2025-05-23 12:52:22.648184,0.0002439506172839506
2025-05-23 12:52:22.651516,0.0006150989036656821
2025-05-23 12:52:22.651516,0.0011064155077383014
2025-05-23 12:52:22.659584,0.0002439506172839506
2025-05-23 12:52:22.663396,0.0004828339665171637
2025-05-23 12:52:22.667798,0.0003511580374166146
2025-05-23 12:52:22.671805,0.000430100395412268
2025-05-23 12:52:22.676106,0.0002439506172839506
2025-05-23 12:52:22.676106,0.00097407232537803
2025-05-23 12:52:22.684559,0.0003671764206165378
2025-05-23 12:52:22.684559,0.0002439506172839506
2025-05-23 12:52:22.684559,0.00046131827311634085
2025-05-23 12:52:22.693454,0.00035563230588308355
2025-05-23 12:52:22.698657,0.0002439506172839506
2025-05-23 12:52:22.700796,0.0005444422106136296
2025-05-23 12:52:22.700796,0.0002439506172839506
2025-05-23 12:52:22.708821,0.0002439506172839506
2025-05-23 12:52:22.711899,0.00023986391927724492
2025-05-23 12:52:22.716890,0.0008708393999766545
2025-05-23 12:52:22.719672,0.00033262227646475634
2025-05-23 12:52:22.723,0.00033262227646475634
2025-05-23 12:52:22.725009,0.0002439506172839506
2025-05-23 12:52:22.725009,0.0002439506172839506
2025-05-23 12:52:22.733116,0.0005805613158713258
2025-05-23 12:52:22.733116,0.0002439506172839506
2025-05-23 12:52:22.741710,0.00030373982161202345
2025-05-23 12:52:22.741710,0.00022687952904171238
2025-05-23 12:52:22.749282,0.0002439506172839506
2025-05-23 12:52:22.754131,0.0007201710613947111
2025-05-23 12:52:22.758076,0.0002740445994047946
2025-05-23 12:52:22.761307,0.0004660056552711269
2025-05-23 12:52:22.765744,0.0005175823930632515
2025-05-23 12:52:22.770524,0.0002439506172839506
2025-05-23 12:52:22.774985,0.0002439506172839506
2025-05-23 12:52:22.774985,0.0002395511687127645
2025-05-23 12:52:22.782230,0.0004367465176762184
2025-05-23 12:52:22.786378,0.0005965608720747889
2025-05-23 12:52:22.790258,0.0004972563433328803
2025-05-23 12:52:22.793399,0.0002439506172839506
2025-05-23 12:52:22.798665,0.0002439506172839506
2025-05-23 12:52:22.798665,0.0002439506172839506
2025-05-23 12:52:22.806473,0.00029330358783913237
2025-05-23 12:52:22.808771,0.00023168852222138858
2025-05-23 12:52:22.814821,0.0002439506172839506
2025-05-23 12:52:22.817819,0.0006863033388133283
2025-05-23 12:52:22.822975,0.0006034959876369094
2025-05-23 12:52:22.825319,0.0008104162359580789
2025-05-23 12:52:22.825319,0.0002439506172839506
2025-05-23 12:52:22.833636,0.0012860064759428263
2025-05-23 12:52:22.839260,0.0002439506172839506
2025-05-23 12:52:22.843197,0.0002439506172839506
2025-05-23 12:52:22.849085,0.0002787130844753804
2025-05-23 12:52:22.854937,0.0008644941371793472
2025-05-23 12:52:22.857286,0.000560139505268695
2025-05-23 12:52:22.865535,0.0002439506172839506
2025-05-23 12:52:22.870387,0.0002439506172839506
2025-05-23 12:52:22.870387,0.00044478867538045246
2025-05-23 12:52:22.878687,0.0002439506172839506
2025-05-23 12:52:22.886838,0.0006529203256913043
2025-05-23 12:52:22.888845,0.0002439506172839506
2025-05-23 12:52:22.894893,0.0002439506172839506
2025-05-23 12:52:22.903206,0.00018796726450504144
2025-05-23 12:52:22.903206,0.0004960908899613868
2025-05-23 12:52:22.911951,0.00042310232159378417
2025-05-23 12:52:22.919709,0.0007112703494745297
2025-05-23 12:52:22.924396,0.0005778791541983061
2025-05-23 12:52:22.927788,0.0002439506172839506
2025-05-23 12:52:22.936163,0.00027935009998915155
2025-05-23 12:52:22.939240,0.0002439506172839506
2025-05-23 12:52:22.944210,0.0005314663729869663
2025-05-23 12:52:22.952334,0.0006154617660041199
2025-05-23 12:52:22.960952,0.0003181362451803072
2025-05-23 12:52:22.968547,0.0002439506172839506
2025-05-23 12:52:22.974581,0.00041773510290880195
2025-05-23 12:52:22.980600,0.000995799526020408
2025-05-23 12:52:22.985005,0.0002439506172839506
2025-05-23 12:52:22.989355,0.0011788676943122196
2025-05-23 12:52:22.993177,0.0004359468725610076
2025-05-23 12:52:23.001229,0.0002439506172839506
2025-05-23 12:52:23.009551,0.0002439506172839506
2025-05-23 12:52:23.009551,0.0007486120523183273
2025-05-23 12:52:23.018340,0.001223248689831999
2025-05-23 12:52:23.026383,0.0015031898816018183
2025-05-23 12:52:23.028567,0.0002439506172839506
2025-05-23 12:52:23.034410,0.0007211380536827838
2025-05-23 12:52:23.042527,0.0015262075795407924
2025-05-23 12:52:23.045337,0.001348152256582009
2025-05-23 12:52:23.050257,0.0002439506172839506
2025-05-23 12:52:23.054980,0.0004939701557295339
2025-05-23 12:52:23.058335,0.0004939701557295339
2025-05-23 12:52:23.066395,0.0002439506172839506
2025-05-23 12:52:23.068720,0.0002439506172839506
2025-05-23 12:52:23.074689,0.0002439506172839506
2025-05-23 12:52:23.078622,0.0002439506172839506
2025-05-23 12:52:23.083027,0.0002406729691028032
2025-05-23 12:52:23.087725,0.000260216511971741
2025-05-23 12:52:23.091607,0.0008852282832335366
2025-05-23 12:52:23.714335,0.0013352094688138618
2025-05-23 12:52:23.720209,0.0013352094688138618
2025-05-23 12:52:23.725162,0.002188357762705739
2025-05-23 12:52:23.727169,0.0002439506172839506
2025-05-23 12:52:23.733198,0.0002439506172839506
2025-05-23 12:52:23.735106,0.0002439506172839506
2025-05-23 12:52:23.739272,0.0011672557920967249
2025-05-23 12:52:23.739272,0.0004320389234752917
2025-05-23 12:52:23.749451,0.0004320389234752917
2025-05-23 12:52:23.755926,0.0007290662306971744
2025-05-23 12:52:23.755926,0.0002439506172839506
2025-05-23 12:52:23.755926,0.0002439506172839506
2025-05-23 12:52:23.766012,0.0002439506172839506
2025-05-23 12:52:23.772362,0.0002439506172839506
2025-05-23 12:52:23.775505,0.0002439506172839506
2025-05-23 12:52:23.780406,0.00018789741703026502
2025-05-23 12:52:23.786898,0.00031998324124579746
2025-05-23 12:52:23.789994,0.00028929650997836366
2025-05-23 12:52:23.791647,0.0004451485822144011
2025-05-23 12:52:23.796884,0.00046239037268102924
2025-05-23 12:52:23.804075,0.0007663720766412289
2025-05-23 12:52:23.805083,0.0012461407127033553
2025-05-23 12:52:23.813243,0.0002439506172839506
2025-05-23 12:52:23.821376,0.0005663274055372598
2025-05-23 12:52:23.824281,0.0002439506172839506
2025-05-23 12:52:23.824281,0.0006678923366130815
2025-05-23 12:52:23.834153,0.0002439506172839506
2025-05-23 12:52:23.840929,0.0002439506172839506
2025-05-23 12:52:23.840929,0.000322795136059767
2025-05-23 12:52:23.854357,0.0002165383738399215
2025-05-23 12:52:23.854357,0.000682355335362557
2025-05-23 12:52:23.854357,0.0007465694211222281
2025-05-23 12:52:23.863213,0.00035632975674571623
2025-05-23 12:52:23.870827,0.0002439506172839506
2025-05-23 12:52:23.877579,0.00115175295123349
2025-05-23 12:52:23.883979,0.0002439506172839506
2025-05-23 12:52:23.887383,0.0011638617523587378
2025-05-23 12:52:23.894351,0.0002439506172839506
2025-05-23 12:52:23.900770,0.0002439506172839506
2025-05-23 12:52:23.905061,0.000529288403744053
2025-05-23 12:52:23.908127,0.0009405718146026237
2025-05-23 12:52:23.914287,0.0002439506172839506
2025-05-23 12:52:23.920523,0.0009652933244024066
2025-05-23 12:52:23.925958,0.0012442956149091298
2025-05-23 12:52:23.928551,0.0007721400462374212
2025-05-23 12:52:23.937023,0.0012004696707468105
2025-05-23 12:52:23.941268,0.0002439506172839506
2025-05-23 12:52:23.945192,0.0004308026505976247
2025-05-23 12:52:23.953519,0.0002439506172839506
2025-05-23 12:52:23.957179,0.0003783129227007835
2025-05-23 12:52:23.957179,0.0003754226509554465
2025-05-23 12:52:23.962304,0.0002439506172839506
2025-05-23 12:52:23.970779,0.0004746649347650292
2025-05-23 12:52:23.973277,0.0005272394497522378
2025-05-23 12:52:23.978395,0.00045505826475709943
2025-05-23 12:52:23.978395,0.0004150840728077672
2025-05-23 12:52:23.988503,0.0009107768932351797
2025-05-23 12:52:23.996815,0.0002439506172839506
2025-05-23 12:52:24.004529,0.000675457406493918
2025-05-23 12:52:24.004529,0.0014439988321236202
2025-05-23 12:52:24.004529,0.0002439506172839506
2025-05-23 12:52:24.012671,0.001496594468076627
2025-05-23 12:52:24.012671,0.0002439506172839506
2025-05-23 12:52:24.022982,0.0002439506172839506
2025-05-23 12:52:24.022982,0.0005962112961668965
2025-05-23 12:52:24.029384,0.0004970302979147647
2025-05-23 12:52:24.035461,0.0002439506172839506
2025-05-23 12:52:24.037469,0.0002982744796175271
2025-05-23 12:52:24.041827,0.0005064212670360319
2025-05-23 12:52:24.045942,0.0008281186791412226
2025-05-23 12:52:24.045942,0.0002439506172839506
2025-05-23 12:52:24.053966,0.0003544829109065011
2025-05-23 12:52:24.053966,0.0007590230763853724
2025-05-23 12:52:24.062151,0.0004023097701045337
2025-05-23 12:52:24.070221,0.0002439506172839506
2025-05-23 12:52:24.070221,0.0002439506172839506
2025-05-23 12:52:24.070221,0.0006726969513305958
2025-05-23 12:52:24.083861,0.00032457178885112565
2025-05-23 12:52:24.088127,0.001125398909001203
2025-05-23 12:52:24.088127,0.0014049599948982975
2025-05-23 12:52:24.094982,0.0002439506172839506
2025-05-23 12:52:24.102946,0.00037962855999900655
2025-05-23 12:52:24.102946,0.0012903769777245961
2025-05-23 12:52:24.102946,0.0002439506172839506
2025-05-23 12:52:24.110996,0.0002439506172839506
2025-05-23 12:52:24.119175,0.0006980027937331817
2025-05-23 12:52:24.119175,0.0002439506172839506
2025-05-23 12:52:24.119175,0.0002439506172839506
2025-05-23 12:52:24.129236,0.000582201042859529
2025-05-23 12:52:24.136461,0.0002439506172839506
2025-05-23 12:52:24.140006,0.0002439506172839506
2025-05-23 12:52:24.144211,0.0002439506172839506
2025-05-23 12:52:24.148373,0.0007006272339563517
2025-05-23 12:52:24.152284,0.0010086091153828926
2025-05-23 12:52:24.154326,0.0002439506172839506
2025-05-23 12:52:24.160357,0.0002439506172839506
2025-05-23 12:52:24.164184,0.0002439506172839506
2025-05-23 12:52:24.168612,0.0002439506172839506
2025-05-23 12:52:24.168612,0.0002439506172839506
2025-05-23 12:52:24.177425,0.00040517700661618373
2025-05-23 12:52:24.179517,0.0002439506172839506
2025-05-23 12:52:24.184804,0.0002439506172839506
2025-05-23 12:52:24.184804,0.0009248086615500959
2025-05-23 12:52:24.192871,0.0002439506172839506
2025-05-23 12:52:24.201258,0.0005495125289874714
2025-05-23 12:52:24.205273,0.0002439506172839506
2025-05-23 12:52:24.207280,0.0002439506172839506
2025-05-23 12:52:24.209284,0.0004900951619865878
2025-05-23 12:52:24.213832,0.0002439506172839506
2025-05-23 12:52:24.219705,0.0002439506172839506
2025-05-23 12:52:24.221712,0.0006385652192237924
2025-05-23 12:52:24.226821,0.0010841451632843861
2025-05-23 12:52:24.234282,0.0010024564007782336
2025-05-23 12:52:24.236640,0.0002439506172839506
2025-05-23 12:52:24.236640,0.00041438331884647276
2025-05-23 12:52:24.242737,0.00036484137340862035
2025-05-23 12:52:24.242737,0.0009110856374827319
2025-05-23 12:52:24.250488,0.0007211033252621244
2025-05-23 12:52:24.250488,0.0002439506172839506
2025-05-23 12:52:24.258799,0.0002439506172839506
2025-05-23 12:52:24.258799,0.0002439506172839506
2025-05-23 12:52:24.263809,0.00020530603321552938
2025-05-23 12:52:24.267415,0.0006946493909039102
2025-05-23 12:52:24.267415,0.0003548784973954241
2025-05-23 12:52:24.267415,0.00033328742280168275
2025-05-23 12:52:24.275916,0.00030498603737417893
2025-05-23 12:52:24.275916,0.0005382659819062155
2025-05-23 12:52:24.284068,0.0004614708308780699
2025-05-23 12:52:24.284068,0.00035560118635135637
2025-05-23 12:52:24.284068,0.0008895563091021606
2025-05-23 12:52:24.291908,0.0007056582443877541
2025-05-23 12:52:24.297656,0.0011073672510084967
2025-05-23 12:52:24.299669,0.0002439506172839506
2025-05-23 12:52:24.305157,0.00031749117081440666
2025-05-23 12:52:24.309687,0
